{"cameraMode":{"drawMode":0,"name":"Shaded","section":"Shading Mode"},"sceneLighting":false,"audioPlay":false,"sceneViewState":{"m_AlwaysRefresh":false,"showFog":true,"showSkybox":false,"showFlares":true,"showImageEffects":true,"showParticleSystems":true,"showVisualEffectGraphs":true,"m_FxEnabled":true},"in2DMode":false,"pivot":{"x":2.860668420791626,"y":-0.007182861212641001,"z":-0.07516556978225708},"rotation":{"x":0.5028464198112488,"y":-0.2053190916776657,"z":0.1243341937661171,"w":0.8303812146186829},"size":0.6241731643676758,"orthographic":false}