{"cameraMode":{"drawMode":0,"name":"Shaded","section":"Shading Mode"},"sceneLighting":false,"audioPlay":false,"sceneViewState":{"m_AlwaysRefresh":false,"showFog":true,"showSkybox":false,"showFlares":true,"showImageEffects":true,"showParticleSystems":true,"showVisualEffectGraphs":true,"m_FxEnabled":true},"in2DMode":false,"pivot":{"x":5.1965203285217289,"y":-0.0008929669857025147,"z":0.010661840438842774},"rotation":{"x":-0.6841729879379273,"y":0.03865598142147064,"z":-0.03637171909213066,"w":-0.7273673415184021},"size":1.4655979871749879,"orthographic":false}