{"cameraMode":{"drawMode":0,"name":"Shaded","section":"Shading Mode"},"sceneLighting":false,"audioPlay":false,"sceneViewState":{"m_AlwaysRefresh":false,"showFog":true,"showSkybox":false,"showFlares":true,"showImageEffects":true,"showParticleSystems":true,"showVisualEffectGraphs":true,"m_FxEnabled":true},"in2DMode":false,"pivot":{"x":0.7919999957084656,"y":0.4319729506969452,"z":-9.685754776000977e-8},"rotation":{"x":-0.3670130968093872,"y":-0.06633443385362625,"z":0.02623947337269783,"w":-0.9274632334709168},"size":0.45219701528549197,"orthographic":false}